[
  {
    "id": 1,
    "title": "Keyboard",
    "description": "Logitech ABC",
    "price": 2500,
    "thumbnail": "https://cdn.pixabay.com/photo/2015/01/21/14/14/apple-606761_1280.jpg",
    "code": "keyboard01",
    "stock": 150,
    "status": true
  },
  {
    "id": 2,
    "title": "Monitor",
    "description": "Samsung DEF",
    "price": 10000,
    "thumbnail": "https://cdn.pixabay.com/photo/2015/01/21/14/14/apple-606761_1280.jpg",
    "code": "monitor01",
    "stock": 50,
    "status": true
  },
  {
    "id": 3,
    "title": "Headset",
    "description": "Sony GHI",
    "price": 5000,
    "thumbnail": "https://cdn.pixabay.com/photo/2015/01/21/14/14/apple-606761_1280.jpg",
    "code": "headset01",
    "stock": 80,
    "status": true
  },
  {
    "id": 4,
    "title": "Webcam",
    "description": "HP JKL",
    "price": 3000,
    "thumbnail": "https://cdn.pixabay.com/photo/2015/01/21/14/14/apple-606761_1280.jpg",
    "code": "webcam01",
    "stock": 120,
    "status": true
  },
  {
    "id": 6,
    "title": "Mouse",
    "description": "Logitech XYZ",
    "price": 1200,
    "thumbnail": "https://cdn.pixabay.com/photo/2015/01/21/14/14/apple-606761_1280.jpg",
    "code": "mouse01",
    "stock": 90,
    "status": true
  },
  {
    "id": 7,
    "title": "Laptop",
    "description": "Dell UVW",
    "price": 30000,
    "thumbnail": "https://cdn.pixabay.com/photo/2015/01/21/14/14/apple-606761_1280.jpg",
    "code": "laptop01",
    "stock": 30,
    "status": true
  },
  {
    "id": 8,
    "title": "Tablet",
    "description": "Apple RST",
    "price": 20000,
    "thumbnail": "https://cdn.pixabay.com/photo/2015/01/21/14/14/apple-606761_1280.jpg",
    "code": "tablet01",
    "stock": 70,
    "status": true
  },
  {
    "id": 9,
    "title": "Smartphone",
    "description": "Samsung QPR",
    "price": 15000,
    "thumbnail": "https://cdn.pixabay.com/photo/2015/01/21/14/14/apple-606761_1280.jpg",
    "code": "smartphone01",
    "stock": 110,
    "status": true
  },
  {
    "id": 10,
    "title": "Smartwatch",
    "description": "Apple LMN",
    "price": 9000,
    "thumbnail": "https://cdn.pixabay.com/photo/2015/01/21/14/14/apple-606761_1280.jpg",
    "code": "smartwatch01",
    "stock": 75,
    "status": true
  },
  {
    "id": 11,
    "title": "_Smartphone",
    "description": "_Samsung QPR",
    "price": 105000,
    "thumbnail": "https://cdn.pixabay.com/photo/2015/01/21/14/14/apple-606761_1280.jpg",
    "category": "zapato",
    "status": true,
    "code": "_smartphone01",
    "stock": 110
  },
  {
    "id": 12,
    "title": "_1Smartphone",
    "description": "_1Samsung QPR",
    "price": 105000,
    "thumbnail": "https://cdn.pixabay.com/photo/2015/01/21/14/14/apple-606761_1280.jpg",
    "category": "1zapato",
    "status": true,
    "code": "_1smartphone01",
    "stock": 110
  }
]
